#Organism Name,Organism Groups,Strain,BioSample,BioProject,Assembly,Level,Size(Mb),GC%,Replicons,WGS,Scaffolds,CDS,Release Date,GenBank FTP,RefSeq FTP
"Alteromonas stellipolaris","Bacteria;Proteobacteria;Gammaproteobacteria","LMG 21861","SAMN04372255","PRJNA307085","GCA_001562115.1","Complete",4.90419,43.4869,"chromosome:NZ_CP013926.1/CP013926.1; plasmid pASTE61-200:NZ_CP013927.1/CP013927.1",,2,4100,"2016-02-17T00:00:00Z","ftp://ftp.ncbi.nlm.nih.gov/genomes/all/GCA/001/562/115/GCA_001562115.1_ASM156211v1","ftp://ftp.ncbi.nlm.nih.gov/genomes/all/GCF/001/562/115/GCF_001562115.1_ASM156211v1"
"Alteromonas sp. I4","Bacteria;Proteobacteria;Gammaproteobacteria","I4","SAMD00189858","PRJDB8853","GCA_009176745.1","Complete",5.23748,48.322,"chromosome:AP021859.1; plasmid pAltI4:AP021860.1",,2,4540,"2019-10-10T00:00:00Z","ftp://ftp.ncbi.nlm.nih.gov/genomes/all/GCA/009/176/745/GCA_009176745.1_ASM917674v1","ftp://ftp.ncbi.nlm.nih.gov/genomes/all/GCF/009/176/745/GCF_009176745.1_ASM917674v1"
"Alteromonas australica","Bacteria;Proteobacteria;Gammaproteobacteria","H 17","SAMN02743545","PRJNA246143","GCA_000730385.1","Complete",4.30883,44.9,"chromosome:NZ_CP008849.1/CP008849.1",,1,3679,"2014-07-17T00:00:00Z","ftp://ftp.ncbi.nlm.nih.gov/genomes/all/GCA/000/730/385/GCA_000730385.1_ASM73038v1","ftp://ftp.ncbi.nlm.nih.gov/genomes/all/GCF/000/730/385/GCF_000730385.1_ASM73038v1"
"Alteromonas marina","Bacteria;Proteobacteria;Gammaproteobacteria","AD001","SAMN03254451","PRJNA269560","GCA_000808575.1","Contig",4.31456,44.5,,"JWLW01",67,3604,"2014-12-29T00:00:00Z","ftp://ftp.ncbi.nlm.nih.gov/genomes/all/GCA/000/808/575/GCA_000808575.1_ASM80857v1","ftp://ftp.ncbi.nlm.nih.gov/genomes/all/GCF/000/808/575/GCF_000808575.1_ASM80857v1"
"Alteromonas mediterranea DE","Bacteria;Proteobacteria;Gammaproteobacteria","DE","SAMN02603915","PRJNA13374","GCA_000020585.3","Complete",4.48094,44.9,"chromosome:NC_011138.3/CP001103.3",,1,3750,"2008-08-14T00:00:00Z","ftp://ftp.ncbi.nlm.nih.gov/genomes/all/GCA/000/020/585/GCA_000020585.3_ASM2058v3","ftp://ftp.ncbi.nlm.nih.gov/genomes/all/GCF/000/020/585/GCF_000020585.3_ASM2058v3"
"Alteromonas addita","Bacteria;Proteobacteria;Gammaproteobacteria","R10SW13","SAMN04372247","PRJNA307085","GCA_001562195.1","Complete",4.64915,43.6,"chromosome:NZ_CP014322.1/CP014322.1",,1,3877,"2016-02-17T00:00:00Z","ftp://ftp.ncbi.nlm.nih.gov/genomes/all/GCA/001/562/195/GCA_001562195.1_ASM156219v1","ftp://ftp.ncbi.nlm.nih.gov/genomes/all/GCF/001/562/195/GCF_001562195.1_ASM156219v1"
"Alteromonas naphthalenivorans","Bacteria;Proteobacteria;Gammaproteobacteria","SN2","SAMN02603134","PRJNA59947","GCA_000213655.1","Complete",4.97215,43.5,"chromosome:NC_015554.1/CP002339.1",,1,4147,"2011-05-13T00:00:00Z","ftp://ftp.ncbi.nlm.nih.gov/genomes/all/GCA/000/213/655/GCA_000213655.1_ASM21365v1","ftp://ftp.ncbi.nlm.nih.gov/genomes/all/GCF/000/213/655/GCF_000213655.1_ASM21365v1"
"Alteromonas confluentis","Bacteria;Proteobacteria;Gammaproteobacteria","KCTC 42603","SAMN05511237","PRJNA336468","GCA_001757105.1","Scaffold",4.86496,48,,"MDHN01",46,4141,"2016-10-11T00:00:00Z","ftp://ftp.ncbi.nlm.nih.gov/genomes/all/GCA/001/757/105/GCA_001757105.1_ASM175710v1","ftp://ftp.ncbi.nlm.nih.gov/genomes/all/GCF/001/757/105/GCF_001757105.1_ASM175710v1"
"Alteromonas lipolytica","Bacteria;Proteobacteria;Gammaproteobacteria","JW12","SAMN05511236","PRJNA336468","GCA_001758465.1","Scaffold",5.01845,48.4,,"MJIC01",21,4328,"2016-10-12T00:00:00Z","ftp://ftp.ncbi.nlm.nih.gov/genomes/all/GCA/001/758/465/GCA_001758465.1_ASM175846v1","ftp://ftp.ncbi.nlm.nih.gov/genomes/all/GCF/001/758/465/GCF_001758465.1_ASM175846v1"
"Alteromonas pelagimontana","Bacteria;Proteobacteria;Gammaproteobacteria","5.12","SAMN06924978","PRJNA386068","GCA_002499975.1","Contig",4.47684,46.1,,"NGFM01",58,3795,"2017-10-10T00:00:00Z","ftp://ftp.ncbi.nlm.nih.gov/genomes/all/GCA/002/499/975/GCA_002499975.1_ASM249997v1","ftp://ftp.ncbi.nlm.nih.gov/genomes/all/GCF/002/499/975/GCF_002499975.1_ASM249997v1"
"Alteromonas gracilis","Bacteria;Proteobacteria;Gammaproteobacteria","9a2","SAMN08634502","PRJNA336468","GCA_002993325.1","Scaffold",4.32419,44.3,,"PVNO01",31,3588,"2018-03-11T00:00:00Z","ftp://ftp.ncbi.nlm.nih.gov/genomes/all/GCA/002/993/325/GCA_002993325.1_ASM299332v1","ftp://ftp.ncbi.nlm.nih.gov/genomes/all/GCF/002/993/325/GCF_002993325.1_ASM299332v1"
"Alteromonas abrolhosensis","Bacteria;Proteobacteria;Gammaproteobacteria","PEL67E","SAMN05630991","PRJNA340035","GCA_001953635.1","Contig",4.4336,44.6,,"MEJH01",29,3710,"2017-01-17T00:00:00Z","ftp://ftp.ncbi.nlm.nih.gov/genomes/all/GCA/001/953/635/GCA_001953635.1_ASM195363v1","ftp://ftp.ncbi.nlm.nih.gov/genomes/all/GCF/001/953/635/GCF_001953635.1_ASM195363v1"
"Alteromonas aestuariivivens","Bacteria;Proteobacteria;Gammaproteobacteria","KCTC 52655","SAMN09762594","PRJNA484306","GCA_003367475.1","Contig",3.84889,50.5,,"QRHA01",35,3274,"2018-08-08T00:00:00Z","ftp://ftp.ncbi.nlm.nih.gov/genomes/all/GCA/003/367/475/GCA_003367475.1_ASM336747v1","ftp://ftp.ncbi.nlm.nih.gov/genomes/all/GCF/003/367/475/GCF_003367475.1_ASM336747v1"
"Alteromonas oceani","Bacteria;Proteobacteria;Gammaproteobacteria","S35","SAMN10233659","PRJNA495894","GCA_003731635.1","Scaffold",4.98795,48.7,,"RCUA01",90,4395,"2018-11-15T00:00:00Z","ftp://ftp.ncbi.nlm.nih.gov/genomes/all/GCA/003/731/635/GCA_003731635.1_ASM373163v1","ftp://ftp.ncbi.nlm.nih.gov/genomes/all/GCF/003/731/635/GCF_003731635.1_ASM373163v1"
"Alteromonas facilis","Bacteria;Proteobacteria;Gammaproteobacteria","P0213","SAMN07816203","PRJNA415110","GCA_002807665.1","Contig",3.91459,44.7,,"PEAY01",23,3461,"2017-12-04T00:00:00Z","ftp://ftp.ncbi.nlm.nih.gov/genomes/all/GCA/002/807/665/GCA_002807665.1_ASM280766v1","ftp://ftp.ncbi.nlm.nih.gov/genomes/all/GCF/002/807/665/GCF_002807665.1_ASM280766v1"
"Alteromonas flava","Bacteria;Proteobacteria;Gammaproteobacteria","P0211","SAMN07816183","PRJNA415109","GCA_002807685.1","Contig",3.64604,45.7,,"PEAX01",42,3297,"2017-12-04T00:00:00Z","ftp://ftp.ncbi.nlm.nih.gov/genomes/all/GCA/002/807/685/GCA_002807685.1_ASM280768v1","ftp://ftp.ncbi.nlm.nih.gov/genomes/all/GCF/002/807/685/GCF_002807685.1_ASM280768v1"
"Alteromonas indica","Bacteria;Proteobacteria;Gammaproteobacteria","IO390401","SAMN08781045","PRJNA445340","GCA_003056425.1","Scaffold",4.36485,48.2,,"PYVY01",46,3677,"2018-04-18T00:00:00Z","ftp://ftp.ncbi.nlm.nih.gov/genomes/all/GCA/003/056/425/GCA_003056425.1_ASM305642v1","ftp://ftp.ncbi.nlm.nih.gov/genomes/all/GCF/003/056/425/GCF_003056425.1_ASM305642v1"
"Alteromonas abrolhosensis","Bacteria;Proteobacteria;Gammaproteobacteria","PEL68C","SAMN05630995","PRJNA340037","GCA_001953645.1","Contig",4.41576,44.5,,"MEJI01",274,3640,"2017-01-17T00:00:00Z","ftp://ftp.ncbi.nlm.nih.gov/genomes/all/GCA/001/953/645/GCA_001953645.1_ASM195364v1","ftp://ftp.ncbi.nlm.nih.gov/genomes/all/GCF/001/953/645/GCF_001953645.1_ASM195364v1"
"Alteromonas mediterranea DE1","Bacteria;Proteobacteria;Gammaproteobacteria","AltDE1","SAMN02604119","PRJNA65403","GCA_000310085.1","Complete",4.94713,44.6854,"chromosome:NC_019393.1/CP003917.1; plasmid pAMDE1-300:NC_019394.1/CP003918.1",,2,4199,"2012-11-06T00:00:00Z","ftp://ftp.ncbi.nlm.nih.gov/genomes/all/GCA/000/310/085/GCA_000310085.1_ASM31008v1","ftp://ftp.ncbi.nlm.nih.gov/genomes/all/GCF/000/310/085/GCF_000310085.1_ASM31008v1"
"Alteromonas australica","Bacteria;Proteobacteria;Gammaproteobacteria","DE170","SAMN02743544","PRJNA246140","GCA_000934525.1","Complete",4.45747,44.9,"chromosome:NZ_CP010912.1/CP010912.1",,1,3421,"2015-02-25T00:00:00Z","ftp://ftp.ncbi.nlm.nih.gov/genomes/all/GCA/000/934/525/GCA_000934525.1_ASM93452v1","ftp://ftp.ncbi.nlm.nih.gov/genomes/all/GCF/000/934/525/GCF_000934525.1_ASM93452v1"
"Alteromonas sp. RKMC-009","Bacteria;Proteobacteria;Gammaproteobacteria","RKMC-009","SAMN09630237","PRJNA480176","GCA_003584565.3","Complete",5.01225,48.7073,"chromosome:NZ_CP031010.1/CP031010.1; plasmid unnamed:NZ_CP032914.1/CP032914.3",,2,4250,"2018-09-20T00:00:00Z","ftp://ftp.ncbi.nlm.nih.gov/genomes/all/GCA/003/584/565/GCA_003584565.3_ASM358456v3","ftp://ftp.ncbi.nlm.nih.gov/genomes/all/GCF/003/584/565/GCF_003584565.2_ASM358456v3"
"Alteromonas stellipolaris","Bacteria;Proteobacteria;Gammaproteobacteria","PQQ-42","SAMN04874702","PRJNA319005","GCA_001632765.1","Complete",4.75574,43.6,"chromosome:NZ_CP015345.1/CP015345.1",,1,3939,"2016-04-27T00:00:00Z","ftp://ftp.ncbi.nlm.nih.gov/genomes/all/GCA/001/632/765/GCA_001632765.1_ASM163276v1","ftp://ftp.ncbi.nlm.nih.gov/genomes/all/GCF/001/632/765/GCF_001632765.1_ASM163276v1"
"Alteromonas stellipolaris","Bacteria;Proteobacteria;Gammaproteobacteria","PQQ-44","SAMN04874701","PRJNA319007","GCA_001632825.1","Complete",4.72186,43.6,"chromosome:NZ_CP015346.1/CP015346.1",,1,3928,"2016-04-27T00:00:00Z","ftp://ftp.ncbi.nlm.nih.gov/genomes/all/GCA/001/632/825/GCA_001632825.1_ASM163282v1","ftp://ftp.ncbi.nlm.nih.gov/genomes/all/GCF/001/632/825/GCF_001632825.1_ASM163282v1"
"Alteromonas sp. 76-1","Bacteria;Proteobacteria;Gammaproteobacteria","1","SAMEA5065789","PRJEB28726","GCA_900654235.1","Complete",4.85709,43.4663,"chromosome cAlt76:NZ_LR136958.1/LR136958.1; plasmid pAlt76:NZ_LR136959.1/LR136959.1",,2,3993,"2019-01-10T00:00:00Z","ftp://ftp.ncbi.nlm.nih.gov/genomes/all/GCA/900/654/235/GCA_900654235.1_alt76","ftp://ftp.ncbi.nlm.nih.gov/genomes/all/GCF/900/654/235/GCF_900654235.1_alt76"
"Alteromonas australica","Bacteria;Proteobacteria;Gammaproteobacteria","UBA3391","SAMN06456949","PRJNA348753","GCA_002358795.1","Scaffold",4.21873,44.8,,"DEPN01",54,0,"2017-09-26T00:00:00Z","ftp://ftp.ncbi.nlm.nih.gov/genomes/all/GCA/002/358/795/GCA_002358795.1_ASM235879v1",
"Alteromonas mediterranea UM7","Bacteria;Proteobacteria;Gammaproteobacteria","UM7","SAMN02604126","PRJNA192231","GCA_000439575.1","Complete",4.93166,44.6848,"chromosome:NC_021713.1/CP004853.1; plasmid unnamed:NC_021718.1/CP004854.1",,2,4143,"2013-07-08T00:00:00Z","ftp://ftp.ncbi.nlm.nih.gov/genomes/all/GCA/000/439/575/GCA_000439575.1_ASM43957v1","ftp://ftp.ncbi.nlm.nih.gov/genomes/all/GCF/000/439/575/GCF_000439575.1_ASM43957v1"
"Alteromonas mediterranea","Bacteria;Proteobacteria;Gammaproteobacteria","UM8","SAMN04390198","PRJNA307085","GCA_001562315.1","Complete",4.8852,44.5998,"chromosome:NZ_CP013928.1/CP013928.1; plasmid pAMEDUM8_300:NZ_CP013929.1/CP013929.1",,2,4128,"2016-02-17T00:00:00Z","ftp://ftp.ncbi.nlm.nih.gov/genomes/all/GCA/001/562/315/GCA_001562315.1_ASM156231v1","ftp://ftp.ncbi.nlm.nih.gov/genomes/all/GCF/001/562/315/GCF_001562315.1_ASM156231v1"
"Alteromonas australica","Bacteria;Proteobacteria;Gammaproteobacteria","UBA2516","SAMN06454792","PRJNA348753","GCA_002341225.1","Scaffold",4.40547,44.7,,"DDNQ01",70,0,"2017-09-22T00:00:00Z","ftp://ftp.ncbi.nlm.nih.gov/genomes/all/GCA/002/341/225/GCA_002341225.1_ASM234122v1",
"Alteromonas sp. Mac1","Bacteria;Proteobacteria;Gammaproteobacteria","Mac1","SAMN04390200","PRJNA307085","GCA_001562125.1","Complete",4.69629,43.6,"chromosome:NZ_CP013932.1/CP013932.1",,1,3900,"2016-02-17T00:00:00Z","ftp://ftp.ncbi.nlm.nih.gov/genomes/all/GCA/001/562/125/GCA_001562125.1_ASM156212v1","ftp://ftp.ncbi.nlm.nih.gov/genomes/all/GCF/001/562/125/GCF_001562125.1_ASM156212v1"
"Alteromonas stellipolaris LMG 21856","Bacteria;Proteobacteria;Gammaproteobacteria","LMG 21856","SAMN04098991","PRJNA296407","GCA_001433715.1","Complete",4.6862,43.6,"chromosome:NZ_CP013120.1/CP013120.1",,1,3854,"2015-11-06T00:00:00Z","ftp://ftp.ncbi.nlm.nih.gov/genomes/all/GCA/001/433/715/GCA_001433715.1_ASM143371v1","ftp://ftp.ncbi.nlm.nih.gov/genomes/all/GCF/001/433/715/GCF_001433715.1_ASM143371v1"
"Alteromonas macleodii str. 'English Channel 673'","Bacteria;Proteobacteria;Gammaproteobacteria","English Channel 673","SAMN02604121","PRJNA65407","GCA_000299955.1","Complete",4.60178,44.8,"chromosome:NC_018678.1/CP003844.1",,1,3844,"2012-09-28T00:00:00Z","ftp://ftp.ncbi.nlm.nih.gov/genomes/all/GCA/000/299/955/GCA_000299955.1_ASM29995v1","ftp://ftp.ncbi.nlm.nih.gov/genomes/all/GCF/000/299/955/GCF_000299955.1_ASM29995v1"
"Alteromonas stellipolaris LMG 21856","Bacteria;Proteobacteria;Gammaproteobacteria","LMG 21856","SAMEA3146316","PRJNA88637","GCA_900069365.1","Contig",4.65541,43.6,,"CAHY01",95,3857,"2013-02-20T00:00:00Z","ftp://ftp.ncbi.nlm.nih.gov/genomes/all/GCA/900/069/365/GCA_900069365.1_Alteromonas_stellipolaris_LMG_21856","ftp://ftp.ncbi.nlm.nih.gov/genomes/all/GCF/900/069/365/GCF_900069365.1_Alteromonas_stellipolaris_LMG_21856"
"Alteromonas sp. BL110","Bacteria;Proteobacteria;Gammaproteobacteria","BL110","SAMN09780815","PRJNA485019","GCA_003443615.1","Complete",4.45862,44.1,"chromosome:NZ_CP031967.1/CP031967.1",,1,3699,"2018-09-04T00:00:00Z","ftp://ftp.ncbi.nlm.nih.gov/genomes/all/GCA/003/443/615/GCA_003443615.1_ASM344361v1","ftp://ftp.ncbi.nlm.nih.gov/genomes/all/GCF/003/443/615/GCF_003443615.1_ASM344361v1"
"Alteromonas australica","Bacteria;Proteobacteria;Gammaproteobacteria","UBA7875","SAMN06451836","PRJNA348753","GCA_002501245.1","Scaffold",4.07813,44.9,,"DLRZ01",67,0,"2017-10-10T00:00:00Z","ftp://ftp.ncbi.nlm.nih.gov/genomes/all/GCA/002/501/245/GCA_002501245.1_ASM250124v1",
"Alteromonas mediterranea U7","Bacteria;Proteobacteria;Gammaproteobacteria","U7","SAMN02604128","PRJNA192694","GCA_000439535.1","Complete",4.44294,44.8,"chromosome:NC_021717.1/CP004851.1",,1,3700,"2013-07-08T00:00:00Z","ftp://ftp.ncbi.nlm.nih.gov/genomes/all/GCA/000/439/535/GCA_000439535.1_ASM43953v1","ftp://ftp.ncbi.nlm.nih.gov/genomes/all/GCF/000/439/535/GCF_000439535.1_ASM43953v1"
"Alteromonas mediterranea UM4b","Bacteria;Proteobacteria;Gammaproteobacteria","UM4b","SAMN02604127","PRJNA192232","GCA_000439595.1","Complete",4.43877,44.9,"chromosome:NC_021714.1/CP004855.1",,1,3719,"2013-07-08T00:00:00Z","ftp://ftp.ncbi.nlm.nih.gov/genomes/all/GCA/000/439/595/GCA_000439595.1_ASM43959v1","ftp://ftp.ncbi.nlm.nih.gov/genomes/all/GCF/000/439/595/GCF_000439595.1_ASM43959v1"
"Alteromonas australica","Bacteria;Proteobacteria;Gammaproteobacteria","UBA1094","SAMN06457032","PRJNA348753","GCA_002314095.1","Scaffold",4.14316,44.9,,"DCBZ01",83,0,"2017-09-20T00:00:00Z","ftp://ftp.ncbi.nlm.nih.gov/genomes/all/GCA/002/314/095/GCA_002314095.1_ASM231409v1",
"Alteromonas sp. MB-3u-76","Bacteria;Proteobacteria;Gammaproteobacteria","MB-3u-76","SAMN08125767","PRJNA420923","GCA_002831605.1","Complete",4.36093,43.9,"chromosome:NZ_CP025115.1/CP025115.1",,1,3688,"2017-12-11T00:00:00Z","ftp://ftp.ncbi.nlm.nih.gov/genomes/all/GCA/002/831/605/GCA_002831605.1_ASM283160v1","ftp://ftp.ncbi.nlm.nih.gov/genomes/all/GCF/002/831/605/GCF_002831605.1_ASM283160v1"
"Alteromonas macleodii","Bacteria;Proteobacteria;Gammaproteobacteria","D7","SAMN04372246","PRJNA307085","GCA_001562235.1","Complete",4.57562,44.4,"chromosome:NZ_CP014323.1/CP014323.1",,1,3822,"2016-02-17T00:00:00Z","ftp://ftp.ncbi.nlm.nih.gov/genomes/all/GCA/001/562/235/GCA_001562235.1_ASM156223v1","ftp://ftp.ncbi.nlm.nih.gov/genomes/all/GCF/001/562/235/GCF_001562235.1_ASM156223v1"
"Alteromonas macleodii str. 'Black Sea 11'","Bacteria;Proteobacteria;Gammaproteobacteria","Black Sea 11","SAMN02604118","PRJNA65401","GCA_000299995.1","Complete",4.48051,44.6,"chromosome:NC_018692.1/CP003845.1",,1,3724,"2012-09-28T00:00:00Z","ftp://ftp.ncbi.nlm.nih.gov/genomes/all/GCA/000/299/995/GCA_000299995.1_ASM29999v1","ftp://ftp.ncbi.nlm.nih.gov/genomes/all/GCF/000/299/995/GCF_000299995.1_ASM29999v1"
"Alteromonas sp. RW2A1","Bacteria;Proteobacteria;Gammaproteobacteria","RW2A1","SAMN05992015","PRJNA352689","GCA_001886475.1","Complete",4.14382,44,"chromosome:NZ_CP018031.1/CP018031.1",,1,3486,"2016-11-28T00:00:00Z","ftp://ftp.ncbi.nlm.nih.gov/genomes/all/GCA/001/886/475/GCA_001886475.1_ASM188647v1","ftp://ftp.ncbi.nlm.nih.gov/genomes/all/GCF/001/886/475/GCF_001886475.1_ASM188647v1"
"Alteromonas australica","Bacteria;Proteobacteria;Gammaproteobacteria","UBA6611","SAMN06457108","PRJNA348753","GCA_002433285.1","Scaffold",3.76788,44.9,,"DJHV01",93,0,"2017-10-04T00:00:00Z","ftp://ftp.ncbi.nlm.nih.gov/genomes/all/GCA/002/433/285/GCA_002433285.1_ASM243328v1",
"Alteromonas mediterranea MED64","Bacteria;Proteobacteria;Gammaproteobacteria","MED64","SAMN02604122","PRJNA191599","GCA_000439495.1","Complete",4.39754,44.8,"chromosome:NC_023045.1/CP004848.1",,1,3692,"2013-07-08T00:00:00Z","ftp://ftp.ncbi.nlm.nih.gov/genomes/all/GCA/000/439/495/GCA_000439495.1_ASM43949v1","ftp://ftp.ncbi.nlm.nih.gov/genomes/all/GCF/000/439/495/GCF_000439495.1_ASM43949v1"
"Alteromonas mediterranea 615","Bacteria;Proteobacteria;Gammaproteobacteria","English Channel 615","SAMN02604124","PRJNA192229","GCA_000439475.1","Complete",4.58235,44.908,"chromosome:NC_021716.1/CP004846.1; plasmid unnamed:NC_021709.1/CP004847.1",,2,3289,"2013-07-08T00:00:00Z","ftp://ftp.ncbi.nlm.nih.gov/genomes/all/GCA/000/439/475/GCA_000439475.1_ASM43947v1","ftp://ftp.ncbi.nlm.nih.gov/genomes/all/GCF/000/439/475/GCF_000439475.1_ASM43947v1"
"Alteromonas australica","Bacteria;Proteobacteria;Gammaproteobacteria","UBA4540","SAMN06453828","PRJNA348753","GCA_002393315.1","Scaffold",4.11323,44.5,,"DGLQ01",133,0,"2017-09-28T00:00:00Z","ftp://ftp.ncbi.nlm.nih.gov/genomes/all/GCA/002/393/315/GCA_002393315.1_ASM239331v1",
"Alteromonas sp. 190","Bacteria;Proteobacteria;Gammaproteobacteria","190","SAMN08634501","PRJNA336468","GCA_002993365.1","Scaffold",5.15941,48.7,,"PVNP01",221,4602,"2018-03-11T00:00:00Z","ftp://ftp.ncbi.nlm.nih.gov/genomes/all/GCA/002/993/365/GCA_002993365.1_ASM299336v1","ftp://ftp.ncbi.nlm.nih.gov/genomes/all/GCF/002/993/365/GCF_002993365.1_ASM299336v1"
"Alteromonas macleodii","Bacteria;Proteobacteria;Gammaproteobacteria","Alteromonas macleodii EZ55","SAMEA5587614","PRJEB32335","GCA_901457815.1","Contig",4.91688,44.7,,"CABDXN01",2,4237,"2019-11-07T07:46:00Z","ftp://ftp.ncbi.nlm.nih.gov/genomes/all/GCA/901/457/815/GCA_901457815.1_ASM90145781v1",
"Alteromonas macleodii","Bacteria;Proteobacteria;Gammaproteobacteria","Alteromonas macleodii BGP6","SAMEA5587610","PRJEB32335","GCA_901446615.1","Contig",4.81923,44.6,,"CABDWP01",2,4127,"2019-11-07T07:44:00Z","ftp://ftp.ncbi.nlm.nih.gov/genomes/all/GCA/901/446/615/GCA_901446615.1_ASM90144661v1",
"Alteromonas sp. ALT199","Bacteria;Proteobacteria;Gammaproteobacteria","ALT199","SAMN02849407","PRJNA190838","GCA_000597705.1","Contig",4.63567,43.7,,"JFBK01",1,3861,"2014-02-27T00:00:00Z","ftp://ftp.ncbi.nlm.nih.gov/genomes/all/GCA/000/597/705/GCA_000597705.1_ASM59770v1","ftp://ftp.ncbi.nlm.nih.gov/genomes/all/GCF/000/597/705/GCF_000597705.1_ASM59770v1"
"Alteromonas australica","Bacteria;Proteobacteria;Gammaproteobacteria","UBA3358","SAMN06454131","PRJNA348753","GCA_002360575.1","Scaffold",4.05417,44.6,,"DEQU01",103,0,"2017-09-26T00:00:00Z","ftp://ftp.ncbi.nlm.nih.gov/genomes/all/GCA/002/360/575/GCA_002360575.1_ASM236057v1",
"Alteromonas mediterranea","Bacteria;Proteobacteria;Gammaproteobacteria","CP49","SAMN05991973","PRJNA352689","GCA_001886415.1","Complete",4.97138,44.6545,"chromosome:NZ_CP018027.1/CP018027.1; plasmid MCP49-600:NZ_CP018028.1/CP018028.1",,2,4249,"2016-11-28T00:00:00Z","ftp://ftp.ncbi.nlm.nih.gov/genomes/all/GCA/001/886/415/GCA_001886415.1_ASM188641v1","ftp://ftp.ncbi.nlm.nih.gov/genomes/all/GCF/001/886/415/GCF_001886415.1_ASM188641v1"
"Alteromonas mediterranea","Bacteria;Proteobacteria;Gammaproteobacteria","RG65","SAMN05991974","PRJNA352689","GCA_001886435.1","Complete",4.65221,44.4971,"chromosome:NZ_CP018029.1/CP018029.1; plasmid MRG65-300:NZ_CP018030.1/CP018030.1",,2,3988,"2016-11-28T00:00:00Z","ftp://ftp.ncbi.nlm.nih.gov/genomes/all/GCA/001/886/435/GCA_001886435.1_ASM188643v1","ftp://ftp.ncbi.nlm.nih.gov/genomes/all/GCF/001/886/435/GCF_001886435.1_ASM188643v1"
"Alteromonas australica","Bacteria;Proteobacteria;Gammaproteobacteria","UBA1964","SAMN06451286","PRJNA348753","GCA_002336065.1","Scaffold",4.17799,44.6,,"DDEC01",173,0,"2017-09-22T00:00:00Z","ftp://ftp.ncbi.nlm.nih.gov/genomes/all/GCA/002/336/065/GCA_002336065.1_ASM233606v1",
"Alteromonas sp. V450","Bacteria;Proteobacteria;Gammaproteobacteria","V450","SAMN05931236","PRJNA349745","GCA_001885075.1","Contig",4.3949,44,,"MODU01",5,3722,"2016-11-21T00:00:00Z","ftp://ftp.ncbi.nlm.nih.gov/genomes/all/GCA/001/885/075/GCA_001885075.1_ASM188507v1","ftp://ftp.ncbi.nlm.nih.gov/genomes/all/GCF/001/885/075/GCF_001885075.1_ASM188507v1"
"Alteromonas macleodii","Bacteria;Proteobacteria;Gammaproteobacteria","Alteromonas macleodii 83-1","SAMEA5587609","PRJEB32335","GCA_901446755.1","Contig",4.81766,44.6,,"CABDWQ01",2,4126,"2019-11-07T07:44:00Z","ftp://ftp.ncbi.nlm.nih.gov/genomes/all/GCA/901/446/755/GCA_901446755.1_ASM90144675v1",
"Alteromonas macleodii","Bacteria;Proteobacteria;Gammaproteobacteria","Alteromonas macleodii BGP14","SAMEA5587612","PRJEB32335","GCA_901457785.1","Contig",4.81766,44.6,,"CABDXK01",2,4126,"2019-11-07T07:43:00Z","ftp://ftp.ncbi.nlm.nih.gov/genomes/all/GCA/901/457/785/GCA_901457785.1_ASM90145778v1",
"Alteromonas sp. BL110","Bacteria;Proteobacteria;Gammaproteobacteria","BL110","SAMN10134660","PRJNA493226","GCA_003626795.1","Scaffold",4.43726,44,,"RAZV01",10,3690,"2018-10-07T00:00:00Z","ftp://ftp.ncbi.nlm.nih.gov/genomes/all/GCA/003/626/795/GCA_003626795.1_ASM362679v1","ftp://ftp.ncbi.nlm.nih.gov/genomes/all/GCF/003/626/795/GCF_003626795.1_ASM362679v1"
"Alteromonas australica","Bacteria;Proteobacteria;Gammaproteobacteria","UBA6942","SAMN06455346","PRJNA348753","GCA_002450605.1","Scaffold",4.72085,44.5,,"DJZW01",261,0,"2017-10-05T00:00:00Z","ftp://ftp.ncbi.nlm.nih.gov/genomes/all/GCA/002/450/605/GCA_002450605.1_ASM245060v1",
"Alteromonas mediterranea","Bacteria;Proteobacteria;Gammaproteobacteria","AR43","SAMN05991969","PRJNA352689","GCA_001886455.1","Complete",4.34444,45,"chromosome:NZ_CP018026.1/CP018026.1",,1,3615,"2016-11-28T00:00:00Z","ftp://ftp.ncbi.nlm.nih.gov/genomes/all/GCA/001/886/455/GCA_001886455.1_ASM188645v1","ftp://ftp.ncbi.nlm.nih.gov/genomes/all/GCF/001/886/455/GCF_001886455.1_ASM188645v1"
"Alteromonas mediterranea","Bacteria;Proteobacteria;Gammaproteobacteria","PT11","SAMN12078919","PRJNA549263","GCA_006517095.1","Complete",4.34368,44.8,"chromosome:NZ_CP041169.1/CP041169.1",,1,3642,"2019-06-30T00:00:00Z","ftp://ftp.ncbi.nlm.nih.gov/genomes/all/GCA/006/517/095/GCA_006517095.1_ASM651709v1","ftp://ftp.ncbi.nlm.nih.gov/genomes/all/GCF/006/517/095/GCF_006517095.1_ASM651709v1"
"Alteromonas australica","Bacteria;Proteobacteria;Gammaproteobacteria","UBA11621","SAMN08019277","PRJNA417962","GCA_003509205.1","Scaffold",3.92096,44.6,,"DONK01",279,3570,"2018-09-07T00:00:00Z","ftp://ftp.ncbi.nlm.nih.gov/genomes/all/GCA/003/509/205/GCA_003509205.1_ASM350920v1",
"Alteromonas sp. W12","Bacteria;Proteobacteria;Gammaproteobacteria","W12","SAMN04348724","PRJNA306252","GCA_001924945.1","Contig",4.60422,44.7,,"LQXH01",14,3856,"2016-12-29T00:00:00Z","ftp://ftp.ncbi.nlm.nih.gov/genomes/all/GCA/001/924/945/GCA_001924945.1_ASM192494v1","ftp://ftp.ncbi.nlm.nih.gov/genomes/all/GCF/001/924/945/GCF_001924945.1_ASM192494v1"
"Alteromonas macleodii","Bacteria;Proteobacteria;Gammaproteobacteria","Alteromonas macleodii MIT1002","SAMEA5587613","PRJEB32335","GCA_901457835.1","Contig",4.73694,44.6,,"CABDXM01",2,4126,"2019-11-07T07:42:00Z","ftp://ftp.ncbi.nlm.nih.gov/genomes/all/GCA/901/457/835/GCA_901457835.1_ASM90145783v1",
"Alteromonas macleodii","Bacteria;Proteobacteria;Gammaproteobacteria","Alteromonas macleodii BGP9","SAMEA5587611","PRJEB32335","GCA_901457775.1","Contig",4.8078,44.6,,"CABDXL01",2,4115,"2019-11-07T07:43:00Z","ftp://ftp.ncbi.nlm.nih.gov/genomes/all/GCA/901/457/775/GCA_901457775.1_ASM90145777v1",
"Alteromonas sp. U0105","Bacteria;Proteobacteria;Gammaproteobacteria","U0105","SAMN09530252","PRJNA478725","GCA_003820355.1","Contig",3.96394,45.3,,"RPOK01",14,3557,"2018-11-25T00:00:00Z","ftp://ftp.ncbi.nlm.nih.gov/genomes/all/GCA/003/820/355/GCA_003820355.1_ASM382035v1","ftp://ftp.ncbi.nlm.nih.gov/genomes/all/GCF/003/820/355/GCF_003820355.1_ASM382035v1"
"Alteromonas australica","Bacteria;Proteobacteria;Gammaproteobacteria","UBA2101","SAMN06450595","PRJNA348753","GCA_002331525.1","Scaffold",3.6012,44.2,,"DCYV01",266,0,"2017-09-21T00:00:00Z","ftp://ftp.ncbi.nlm.nih.gov/genomes/all/GCA/002/331/525/GCA_002331525.1_ASM233152v1",
"Alteromonas mediterranea","Bacteria;Proteobacteria;Gammaproteobacteria","CP48","SAMN05991972","PRJNA352689","GCA_001886395.1","Complete",4.92795,44.655,"chromosome:NZ_CP018024.1/CP018024.1; plasmid pAMCP48-600:NZ_CP018025.1/CP018025.1",,2,4195,"2016-11-28T00:00:00Z","ftp://ftp.ncbi.nlm.nih.gov/genomes/all/GCA/001/886/395/GCA_001886395.1_ASM188639v1","ftp://ftp.ncbi.nlm.nih.gov/genomes/all/GCF/001/886/395/GCF_001886395.1_ASM188639v1"
"Alteromonas mediterranea","Bacteria;Proteobacteria;Gammaproteobacteria","PT15","SAMN12078926","PRJNA549263","GCA_006517115.1","Complete",4.29498,44.9,"chromosome:NZ_CP041170.1/CP041170.1",,1,3559,"2019-06-30T00:00:00Z","ftp://ftp.ncbi.nlm.nih.gov/genomes/all/GCA/006/517/115/GCA_006517115.1_ASM651711v1","ftp://ftp.ncbi.nlm.nih.gov/genomes/all/GCF/006/517/115/GCF_006517115.1_ASM651711v1"
"Alteromonas australica","Bacteria;Proteobacteria;Gammaproteobacteria","UBA7297","SAMN06451812","PRJNA348753","GCA_002471925.1","Scaffold",3.89518,44.3,,"DKQX01",331,0,"2017-10-06T00:00:00Z","ftp://ftp.ncbi.nlm.nih.gov/genomes/all/GCA/002/471/925/GCA_002471925.1_ASM247192v1",
"Alteromonas sp. TK-46(2)","Bacteria;Proteobacteria;Gammaproteobacteria","DSM 26665","SAMN07626136","PRJNA402745","GCA_003634285.1","Scaffold",4.5618,44.1,,"RBXK01",19,3733,"2018-10-11T00:00:00Z","ftp://ftp.ncbi.nlm.nih.gov/genomes/all/GCA/003/634/285/GCA_003634285.1_ASM363428v1","ftp://ftp.ncbi.nlm.nih.gov/genomes/all/GCF/003/634/285/GCF_003634285.1_ASM363428v1"
"Alteromonas macleodii","Bacteria;Proteobacteria;Gammaproteobacteria","KCP01","SAMN05578454","PRJNA338983","GCA_001750365.1","Contig",5.24312,44.6,,"MIPY01",76,4534,"2016-09-30T00:00:00Z","ftp://ftp.ncbi.nlm.nih.gov/genomes/all/GCA/001/750/365/GCA_001750365.1_ASM175036v1","ftp://ftp.ncbi.nlm.nih.gov/genomes/all/GCF/001/750/365/GCF_001750365.1_ASM175036v1"
"Alteromonas macleodii","Bacteria;Proteobacteria;Gammaproteobacteria","KCC01","SAMN05578453","PRJNA338983","GCA_001750295.1","Contig",5.24365,44.6,,"MIPX01",71,4531,"2016-09-30T00:00:00Z","ftp://ftp.ncbi.nlm.nih.gov/genomes/all/GCA/001/750/295/GCA_001750295.1_ASM175029v1","ftp://ftp.ncbi.nlm.nih.gov/genomes/all/GCF/001/750/295/GCF_001750295.1_ASM175029v1"
"Alteromonas sp. HB161718","Bacteria;Proteobacteria;Gammaproteobacteria","HB161718","SAMN11370197","PRJNA531571","GCA_005117025.1","Contig",4.54335,44.1,,"SWCO01",32,3823,"2019-05-02T00:00:00Z","ftp://ftp.ncbi.nlm.nih.gov/genomes/all/GCA/005/117/025/GCA_005117025.1_ASM511702v1","ftp://ftp.ncbi.nlm.nih.gov/genomes/all/GCF/005/117/025/GCF_005117025.1_ASM511702v1"
"Alteromonas australica","Bacteria;Proteobacteria;Gammaproteobacteria","UBA7385","SAMN06456154","PRJNA348753","GCA_002470725.1","Scaffold",3.6647,44.3,,"DKNP01",317,0,"2017-10-06T00:00:00Z","ftp://ftp.ncbi.nlm.nih.gov/genomes/all/GCA/002/470/725/GCA_002470725.1_ASM247072v1",
"Alteromonas mediterranea","Bacteria;Proteobacteria;Gammaproteobacteria","U10","SAMN04390199","PRJNA307085","GCA_001562295.1","Complete",4.91057,44.6034,"chromosome:CP013930.1; plasmid pAMED10_300:CP013931.1",,2,4164,"2016-02-17T00:00:00Z","ftp://ftp.ncbi.nlm.nih.gov/genomes/all/GCA/001/562/295/GCA_001562295.1_ASM156229v1",
"Alteromonas mediterranea U8","Bacteria;Proteobacteria;Gammaproteobacteria","U8","SAMN02604125","PRJNA192230","GCA_000439555.1","Complete",4.39504,44.9,"chromosome:CP004852.1",,1,3795,"2013-07-08T00:00:00Z","ftp://ftp.ncbi.nlm.nih.gov/genomes/all/GCA/000/439/555/GCA_000439555.1_ASM43955v1","ftp://ftp.ncbi.nlm.nih.gov/genomes/all/GCF/000/439/555/GCF_000439555.1_ASM43955v1"
"Alteromonas australica","Bacteria;Proteobacteria;Gammaproteobacteria","UBA834","SAMN06455831","PRJNA348753","GCA_002296105.1","Scaffold",3.57258,44.1,,"DBHG01",252,0,"2017-09-12T00:00:00Z","ftp://ftp.ncbi.nlm.nih.gov/genomes/all/GCA/002/296/105/GCA_002296105.1_ASM229610v1",
"Alteromonas sp. I10","Bacteria;Proteobacteria;Gammaproteobacteria","I10","SAMN06272784","PRJNA368298","GCA_003201515.1","Scaffold",4.6739,44.6,,"QJJN01",30,3929,"2018-06-07T00:00:00Z","ftp://ftp.ncbi.nlm.nih.gov/genomes/all/GCA/003/201/515/GCA_003201515.1_ASM320151v1","ftp://ftp.ncbi.nlm.nih.gov/genomes/all/GCF/003/201/515/GCF_003201515.1_ASM320151v1"
"Alteromonas macleodii","Bacteria;Proteobacteria;Gammaproteobacteria","KCPu01","SAMN05578455","PRJNA338983","GCA_001750315.1","Contig",5.24844,44.6,,"MIPZ01",67,4534,"2016-09-30T00:00:00Z","ftp://ftp.ncbi.nlm.nih.gov/genomes/all/GCA/001/750/315/GCA_001750315.1_ASM175031v1","ftp://ftp.ncbi.nlm.nih.gov/genomes/all/GCF/001/750/315/GCF_001750315.1_ASM175031v1"
"Alteromonas macleodii","Bacteria;Proteobacteria;Gammaproteobacteria","CUKW","SAMN05578452","PRJNA338983","GCA_001750305.1","Contig",5.24997,44.6,,"MIPW01",74,4540,"2016-09-30T00:00:00Z","ftp://ftp.ncbi.nlm.nih.gov/genomes/all/GCA/001/750/305/GCA_001750305.1_ASM175030v1","ftp://ftp.ncbi.nlm.nih.gov/genomes/all/GCF/001/750/305/GCF_001750305.1_ASM175030v1"
"Alteromonas sp. KUL49","Bacteria;Proteobacteria;Gammaproteobacteria","KUL49","SAMD00144966","PRJDB7540","GCA_004299385.1","Contig",4.615,44.4,,"SIHN01",46,3832,"2019-02-25T00:00:00Z","ftp://ftp.ncbi.nlm.nih.gov/genomes/all/GCA/004/299/385/GCA_004299385.1_ASM429938v1","ftp://ftp.ncbi.nlm.nih.gov/genomes/all/GCF/004/299/385/GCF_004299385.1_ASM429938v1"
"Alteromonas australica","Bacteria;Proteobacteria;Gammaproteobacteria","UBA3395","SAMN06456945","PRJNA348753","GCA_002358715.1","Scaffold",3.60827,44.5,,"DEPJ01",290,0,"2017-09-26T00:00:00Z","ftp://ftp.ncbi.nlm.nih.gov/genomes/all/GCA/002/358/715/GCA_002358715.1_ASM235871v1",
"Alteromonas mediterranea U4","Bacteria;Proteobacteria;Gammaproteobacteria","Ionian Sea U4","SAMN02604123","PRJNA192190","GCA_000439515.1"," Chromosome",4.62458,44.6705,"chromosome:CP004849.1; plasmid unnamed:CP004850.1",,2,4084,"2013-07-08T00:00:00Z","ftp://ftp.ncbi.nlm.nih.gov/genomes/all/GCA/000/439/515/GCA_000439515.1_ASM43951v1","ftp://ftp.ncbi.nlm.nih.gov/genomes/all/GCF/000/439/515/GCF_000439515.1_ASM43951v1"
"Alteromonas mediterranea","Bacteria;Proteobacteria;Gammaproteobacteria","UBA2495","SAMN06451086","PRJNA348753","GCA_002341625.1","Scaffold",4.12444,44.1,,"DDOL01",167,0,"2017-09-22T00:00:00Z","ftp://ftp.ncbi.nlm.nih.gov/genomes/all/GCA/002/341/625/GCA_002341625.1_ASM234162v1",
"Alteromonas australica","Bacteria;Proteobacteria;Gammaproteobacteria","UBA1610","SAMN06454486","PRJNA348753","GCA_002321865.1","Scaffold",3.85773,44.2,,"DCMY01",370,0,"2017-09-21T00:00:00Z","ftp://ftp.ncbi.nlm.nih.gov/genomes/all/GCA/002/321/865/GCA_002321865.1_ASM232186v1",
"Alteromonas sp. KUL49","Bacteria;Proteobacteria;Gammaproteobacteria","KUL49","SAMD00144966","PRJDB7540","GCA_006538345.1","Contig",4.615,44.4,,"BJKL01",46,3833,"2019-05-23T20:54:00Z","ftp://ftp.ncbi.nlm.nih.gov/genomes/all/GCA/006/538/345/GCA_006538345.1_ASM653834v1","ftp://ftp.ncbi.nlm.nih.gov/genomes/all/GCF/006/538/345/GCF_006538345.1_ASM653834v1"
"Alteromonas macleodii","Bacteria;Proteobacteria;Gammaproteobacteria","AD006","SAMN03254452","PRJNA269560","GCA_000808595.1","Contig",4.62301,44.6,,"JWLX01",35,3886,"2014-12-29T00:00:00Z","ftp://ftp.ncbi.nlm.nih.gov/genomes/all/GCA/000/808/595/GCA_000808595.1_ASM80859v1","ftp://ftp.ncbi.nlm.nih.gov/genomes/all/GCF/000/808/595/GCF_000808595.1_ASM80859v1"
"Alteromonas macleodii","Bacteria;Proteobacteria;Gammaproteobacteria","AD037","SAMN03254453","PRJNA269560","GCA_000808635.1","Contig",4.6179,44.7,,"JWLY01",44,3907,"2014-12-29T00:00:00Z","ftp://ftp.ncbi.nlm.nih.gov/genomes/all/GCA/000/808/635/GCA_000808635.1_ASM80863v1","ftp://ftp.ncbi.nlm.nih.gov/genomes/all/GCF/000/808/635/GCF_000808635.1_ASM80863v1"
"Alteromonas sp. KUL42","Bacteria;Proteobacteria;Gammaproteobacteria","KUL42","SAMD00144965","PRJDB7540","GCA_004321515.1","Contig",5.00073,42.9,,"SIHM01",48,4098,"2019-02-25T00:00:00Z","ftp://ftp.ncbi.nlm.nih.gov/genomes/all/GCA/004/321/515/GCA_004321515.1_ASM432151v1","ftp://ftp.ncbi.nlm.nih.gov/genomes/all/GCF/004/321/515/GCF_004321515.1_ASM432151v1"
"Alteromonas australica","Bacteria;Proteobacteria;Gammaproteobacteria","UBA7321","SAMN06455359","PRJNA348753","GCA_002471465.1","Scaffold",3.37598,44.4,,"DKPZ01",371,0,"2017-10-06T00:00:00Z","ftp://ftp.ncbi.nlm.nih.gov/genomes/all/GCA/002/471/465/GCA_002471465.1_ASM247146v1",
"Alteromonas mediterranea","Bacteria;Proteobacteria;Gammaproteobacteria","UBA8333","SAMN08018863","PRJNA417962","GCA_003506925.1","Scaffold",3.4578,43.5,,"DNXN01",420,3245,"2018-09-07T00:00:00Z","ftp://ftp.ncbi.nlm.nih.gov/genomes/all/GCA/003/506/925/GCA_003506925.1_ASM350692v1",
"Alteromonas australica","Bacteria;Proteobacteria;Gammaproteobacteria","UBA842","SAMN06450579","PRJNA348753","GCA_002296005.1","Scaffold",3.46376,44,,"DBGY01",324,0,"2017-09-12T00:00:00Z","ftp://ftp.ncbi.nlm.nih.gov/genomes/all/GCA/002/296/005/GCA_002296005.1_ASM229600v1",
"Alteromonas sp. KUL42","Bacteria;Proteobacteria;Gammaproteobacteria","KUL42","SAMD00144965","PRJDB7540","GCA_006538325.1","Contig",5.00073,42.9,,"BJKK01",48,4102,"2019-05-23T20:56:00Z","ftp://ftp.ncbi.nlm.nih.gov/genomes/all/GCA/006/538/325/GCA_006538325.1_ASM653832v1","ftp://ftp.ncbi.nlm.nih.gov/genomes/all/GCF/006/538/325/GCF_006538325.1_ASM653832v1"
"Alteromonas macleodii","Bacteria;Proteobacteria;Gammaproteobacteria","MIT1002","SAMN03295007","PRJNA273644","GCA_001077695.1","Contig",4.66716,44.6,,"JXRW01",125,3931,"2015-07-14T00:00:00Z","ftp://ftp.ncbi.nlm.nih.gov/genomes/all/GCA/001/077/695/GCA_001077695.1_ASM107769v1","ftp://ftp.ncbi.nlm.nih.gov/genomes/all/GCF/001/077/695/GCF_001077695.1_ASM107769v1"
"Alteromonas macleodii","Bacteria;Proteobacteria;Gammaproteobacteria","Amac816","SAMN05374556","PRJNA328503","GCA_002271865.1","Contig",4.89027,44.5,,"MBSN01",55,4176,"2017-08-16T00:00:00Z","ftp://ftp.ncbi.nlm.nih.gov/genomes/all/GCA/002/271/865/GCA_002271865.1_ASM227186v1",
"Alteromonas sp. LOR","Bacteria;Proteobacteria;Gammaproteobacteria","LOR","SAMN02999425","PRJNA258506","GCA_000753865.1","Scaffold",4.40982,44.2,,"JQFW01",57,3697,"2014-09-10T00:00:00Z","ftp://ftp.ncbi.nlm.nih.gov/genomes/all/GCA/000/753/865/GCA_000753865.1_ASM75386v1","ftp://ftp.ncbi.nlm.nih.gov/genomes/all/GCF/000/753/865/GCF_000753865.1_ASM75386v1"
"Alteromonas australica","Bacteria;Proteobacteria;Gammaproteobacteria","UBA6505","SAMN06457519","PRJNA348753","GCA_002436375.1","Scaffold",3.32043,44.2,,"DJLX01",292,0,"2017-10-04T00:00:00Z","ftp://ftp.ncbi.nlm.nih.gov/genomes/all/GCA/002/436/375/GCA_002436375.1_ASM243637v1",
"Alteromonas australica","Bacteria;Proteobacteria;Gammaproteobacteria","UBA7977","SAMN08018682","PRJNA417962","GCA_003500945.1","Scaffold",3.67256,43.7,,"DNQS01",333,3451,"2018-09-07T00:00:00Z","ftp://ftp.ncbi.nlm.nih.gov/genomes/all/GCA/003/500/945/GCA_003500945.1_ASM350094v1",
"Alteromonas sp. LTR","Bacteria;Proteobacteria;Gammaproteobacteria","LTR","SAMN02999436","PRJNA258506","GCA_000753915.1","Scaffold",4.41031,44.2,,"JQHG01",60,3691,"2014-09-10T00:00:00Z","ftp://ftp.ncbi.nlm.nih.gov/genomes/all/GCA/000/753/915/GCA_000753915.1_ASM75391v1","ftp://ftp.ncbi.nlm.nih.gov/genomes/all/GCF/000/753/915/GCF_000753915.1_ASM75391v1"
"Alteromonas macleodii","Bacteria;Proteobacteria;Gammaproteobacteria","REDSEA-S09_B2","SAMN04534560","PRJNA289734","GCA_001626275.1","Scaffold",4.34155,44.5,,"LUNK01",102,0,"2016-04-22T00:00:00Z","ftp://ftp.ncbi.nlm.nih.gov/genomes/all/GCA/001/626/275/GCA_001626275.1_ASM162627v1",
"Alteromonas macleodii","Bacteria;Proteobacteria;Gammaproteobacteria","UBA1521","SAMN06457321","PRJNA348753","GCA_002323435.1","Scaffold",4.36644,44.7,,"DCQJ01",68,0,"2017-09-21T00:00:00Z","ftp://ftp.ncbi.nlm.nih.gov/genomes/all/GCA/002/323/435/GCA_002323435.1_ASM232343v1",
"Alteromonas sp. KUL17","Bacteria;Proteobacteria;Gammaproteobacteria","KUL17","SAMD00143640","PRJDB7540","GCA_004321525.1","Contig",4.83134,44.4,,"SIHL01",60,3898,"2019-02-25T00:00:00Z","ftp://ftp.ncbi.nlm.nih.gov/genomes/all/GCA/004/321/525/GCA_004321525.1_ASM432152v1","ftp://ftp.ncbi.nlm.nih.gov/genomes/all/GCF/004/321/525/GCF_004321525.1_ASM432152v1"
"Alteromonas australica","Bacteria;Proteobacteria;Gammaproteobacteria","UBA9451","SAMN08017663","PRJNA417962","GCA_003451335.1","Scaffold",3.21389,43.6,,"DMEA01",362,3061,"2018-09-04T00:00:00Z","ftp://ftp.ncbi.nlm.nih.gov/genomes/all/GCA/003/451/335/GCA_003451335.1_ASM345133v1",
"Alteromonas australica","Bacteria;Proteobacteria;Gammaproteobacteria","UBA11978","SAMN08018258","PRJNA417962","GCA_003543695.1","Scaffold",3.92034,44.5,,"DNAN01",742,4145,"2018-09-06T00:00:00Z","ftp://ftp.ncbi.nlm.nih.gov/genomes/all/GCA/003/543/695/GCA_003543695.1_ASM354369v1",
"Alteromonas sp. KUL17","Bacteria;Proteobacteria;Gammaproteobacteria","KUL17","SAMD00143640","PRJDB7540","GCA_006538305.1","Contig",4.83134,44.4,,"BJKJ01",60,3901,"2019-05-23T20:55:00Z","ftp://ftp.ncbi.nlm.nih.gov/genomes/all/GCA/006/538/305/GCA_006538305.1_ASM653830v1","ftp://ftp.ncbi.nlm.nih.gov/genomes/all/GCF/006/538/305/GCF_006538305.1_ASM653830v1"
"Alteromonas macleodii","Bacteria;Proteobacteria;Gammaproteobacteria","UBA1661","SAMN06451696","PRJNA348753","GCA_002320795.1","Scaffold",4.32083,44.7,,"DCKZ01",76,0,"2017-09-21T00:00:00Z","ftp://ftp.ncbi.nlm.nih.gov/genomes/all/GCA/002/320/795/GCA_002320795.1_ASM232079v1",
"Alteromonas macleodii","Bacteria;Proteobacteria;Gammaproteobacteria","UBA1010","SAMN06450467","PRJNA348753","GCA_002291655.1","Scaffold",4.77046,44.5,,"DBAM01",149,0,"2017-09-12T00:00:00Z","ftp://ftp.ncbi.nlm.nih.gov/genomes/all/GCA/002/291/655/GCA_002291655.1_ASM229165v1",
"Alteromonas sp. KS69","Bacteria;Proteobacteria;Gammaproteobacteria","KS69","SAMN08563486","PRJNA439351","GCA_003989595.1","Scaffold",4.88253,43.5,,"PYHU01",85,4137,"2018-12-31T00:00:00Z","ftp://ftp.ncbi.nlm.nih.gov/genomes/all/GCA/003/989/595/GCA_003989595.1_ASM398959v1","ftp://ftp.ncbi.nlm.nih.gov/genomes/all/GCF/003/989/595/GCF_003989595.1_ASM398959v1"
"Alteromonas australica","Bacteria;Proteobacteria;Gammaproteobacteria","UBA7917","SAMN08018225","PRJNA417962","GCA_003484945.1","Scaffold",2.69919,44.5,,"DMZK01",550,2730,"2018-09-06T00:00:00Z","ftp://ftp.ncbi.nlm.nih.gov/genomes/all/GCA/003/484/945/GCA_003484945.1_ASM348494v1",
"Alteromonas sp. Mac2","Bacteria;Proteobacteria;Gammaproteobacteria","Mac2","SAMN04390237","PRJNA307085","GCA_001562155.1","Complete",4.66636,43.6,"chromosome:CP013933.1",,1,3849,"2016-02-17T00:00:00Z","ftp://ftp.ncbi.nlm.nih.gov/genomes/all/GCA/001/562/155/GCA_001562155.1_ASM156215v1",
"Alteromonas macleodii","Bacteria;Proteobacteria;Gammaproteobacteria","UBA1960","SAMN06455232","PRJNA348753","GCA_002339095.1","Scaffold",4.76779,44.3,,"DDEG01",261,0,"2017-09-22T00:00:00Z","ftp://ftp.ncbi.nlm.nih.gov/genomes/all/GCA/002/339/095/GCA_002339095.1_ASM233909v1",
"Alteromonas macleodii","Bacteria;Proteobacteria;Gammaproteobacteria","UBA4146","SAMN06451475","PRJNA348753","GCA_002380205.1","Scaffold",4.37479,44.1,,"DFWA01",332,0,"2017-09-27T00:00:00Z","ftp://ftp.ncbi.nlm.nih.gov/genomes/all/GCA/002/380/205/GCA_002380205.1_ASM238020v1",
"Alteromonas sp. Mex14","Bacteria;Proteobacteria;Gammaproteobacteria","Mex14","SAMN05991975","PRJNA352689","GCA_001886375.1","Complete",4.48946,44.2,"chromosome:CP018023.1",,1,3713,"2016-11-28T00:00:00Z","ftp://ftp.ncbi.nlm.nih.gov/genomes/all/GCA/001/886/375/GCA_001886375.1_ASM188637v1",
"Alteromonas sp.","Bacteria;Proteobacteria;Gammaproteobacteria","NP15","SAMN07618347","PRJNA391943","GCA_002730155.1","Contig",3.83588,44.9,,"PBZI01",57,3314,"2017-10-26T00:00:00Z","ftp://ftp.ncbi.nlm.nih.gov/genomes/all/GCA/002/730/155/GCA_002730155.1_ASM273015v1",
"Alteromonas macleodii","Bacteria;Proteobacteria;Gammaproteobacteria","UBA2532","SAMN06452270","PRJNA348753","GCA_002340855.1","Scaffold",3.62402,44,,"DDNA01",261,0,"2017-09-22T00:00:00Z","ftp://ftp.ncbi.nlm.nih.gov/genomes/all/GCA/002/340/855/GCA_002340855.1_ASM234085v1",
"Alteromonas macleodii","Bacteria;Proteobacteria;Gammaproteobacteria","UBA1088","SAMN06452225","PRJNA348753","GCA_002313715.1","Scaffold",4.66711,44.1,,"DCCF01",352,0,"2017-09-20T00:00:00Z","ftp://ftp.ncbi.nlm.nih.gov/genomes/all/GCA/002/313/715/GCA_002313715.1_ASM231371v1",
"Alteromonas sp. TMED35","Bacteria;Proteobacteria;Gammaproteobacteria","TMED35","SAMN06971889","PRJNA385857","GCA_002173035.1","Contig",4.35717,44.2,,"NHCO01",103,3631,"2017-06-05T00:00:00Z","ftp://ftp.ncbi.nlm.nih.gov/genomes/all/GCA/002/173/035/GCA_002173035.1_ASM217303v1",
"Alteromonas sp.","Bacteria;Proteobacteria;Gammaproteobacteria","MED668","SAMN07618344","PRJNA391943","GCA_002691125.1","Contig",4.36691,44.1,,"NZGW01",100,3710,"2017-10-24T00:00:00Z","ftp://ftp.ncbi.nlm.nih.gov/genomes/all/GCA/002/691/125/GCA_002691125.1_ASM269112v1",
"Alteromonas macleodii","Bacteria;Proteobacteria;Gammaproteobacteria","UBA3523","SAMN06457865","PRJNA348753","GCA_002377105.1","Scaffold",3.873,44.1,,"DFPE01",392,0,"2017-09-27T00:00:00Z","ftp://ftp.ncbi.nlm.nih.gov/genomes/all/GCA/002/377/105/GCA_002377105.1_ASM237710v1",
"Alteromonas macleodii","Bacteria;Proteobacteria;Gammaproteobacteria","UBA6609","SAMN06452598","PRJNA348753","GCA_002433325.1","Scaffold",3.20583,44.4,,"DJHX01",291,0,"2017-10-04T00:00:00Z","ftp://ftp.ncbi.nlm.nih.gov/genomes/all/GCA/002/433/325/GCA_002433325.1_ASM243332v1",
"Alteromonas sp.","Bacteria;Proteobacteria;Gammaproteobacteria","CPC327","SAMN07618338","PRJNA391943","GCA_002684235.1","Contig",3.22686,44.9,,"NYUX01",77,2732,"2017-10-24T00:00:00Z","ftp://ftp.ncbi.nlm.nih.gov/genomes/all/GCA/002/684/235/GCA_002684235.1_ASM268423v1",
"Alteromonas sp.","Bacteria;Proteobacteria;Gammaproteobacteria","ARS20","SAMN07618336","PRJNA391943","GCA_002686225.1","Contig",3.97839,44.9,,"NZAV01",119,3408,"2017-10-24T00:00:00Z","ftp://ftp.ncbi.nlm.nih.gov/genomes/all/GCA/002/686/225/GCA_002686225.1_ASM268622v1",
"Alteromonas macleodii","Bacteria;Proteobacteria;Gammaproteobacteria","REDSEA-S15_B11","SAMN04534564","PRJNA289734","GCA_001626115.1","Scaffold",3.79045,44.6,,"LUNO01",457,0,"2016-04-22T00:00:00Z","ftp://ftp.ncbi.nlm.nih.gov/genomes/all/GCA/001/626/115/GCA_001626115.1_ASM162611v1",
"Alteromonas macleodii","Bacteria;Proteobacteria;Gammaproteobacteria","UBA7874","SAMN06451837","PRJNA348753","GCA_002500615.1","Scaffold",3.88617,43.8,,"DLSA01",470,0,"2017-10-10T00:00:00Z","ftp://ftp.ncbi.nlm.nih.gov/genomes/all/GCA/002/500/615/GCA_002500615.1_ASM250061v1",
"Alteromonas sp.","Bacteria;Proteobacteria;Gammaproteobacteria","EAC37","SAMN07618340","PRJNA391943","GCA_002693765.1","Contig",3.72845,45,,"NZRK01",115,3222,"2017-10-24T00:00:00Z","ftp://ftp.ncbi.nlm.nih.gov/genomes/all/GCA/002/693/765/GCA_002693765.1_ASM269376v1",
"Alteromonas sp. UBA1848","Bacteria;Proteobacteria;Gammaproteobacteria","UBA1848","SAMN06451749","PRJNA348753","GCA_002338585.1","Scaffold",4.23813,43.5,,"DDIO01",195,0,"2017-09-22T00:00:00Z","ftp://ftp.ncbi.nlm.nih.gov/genomes/all/GCA/002/338/585/GCA_002338585.1_ASM233858v1",
"Alteromonas macleodii","Bacteria;Proteobacteria;Gammaproteobacteria","UBA9450","SAMN08017664","PRJNA417962","GCA_003451095.1","Scaffold",4.09941,43.7,,"DMEB01",556,4007,"2018-09-04T00:00:00Z","ftp://ftp.ncbi.nlm.nih.gov/genomes/all/GCA/003/451/095/GCA_003451095.1_ASM345109v1",
"Alteromonas macleodii","Bacteria;Proteobacteria;Gammaproteobacteria","UBA9468","SAMN08017443","PRJNA417962","GCA_003445365.1","Scaffold",3.76761,43.5,,"DLVQ01",534,3677,"2018-09-04T00:00:00Z","ftp://ftp.ncbi.nlm.nih.gov/genomes/all/GCA/003/445/365/GCA_003445365.1_ASM344536v1",
"Alteromonas sp.","Bacteria;Proteobacteria;Gammaproteobacteria","NAT174","SAMN07618346","PRJNA391943","GCA_002705105.1","Contig",3.36018,44.6,,"PAHK01",116,2817,"2017-10-25T00:00:00Z","ftp://ftp.ncbi.nlm.nih.gov/genomes/all/GCA/002/705/105/GCA_002705105.1_ASM270510v1",
"Alteromonas sp.","Bacteria;Proteobacteria;Gammaproteobacteria","MAG 24","SAMN09407818","PRJNA454888","GCA_003978885.1","Contig",2.77125,44.9,,"QNXP01",145,2416,"2018-12-28T00:00:00Z","ftp://ftp.ncbi.nlm.nih.gov/genomes/all/GCA/003/978/885/GCA_003978885.1_ASM397888v1",
"Alteromonas macleodii","Bacteria;Proteobacteria;Gammaproteobacteria","UBA8210","SAMN08020045","PRJNA417962","GCA_003538845.1","Scaffold",3.35131,43.8,,"DPRA01",507,3196,"2018-09-10T00:00:00Z","ftp://ftp.ncbi.nlm.nih.gov/genomes/all/GCA/003/538/845/GCA_003538845.1_ASM353884v1",
"Alteromonas macleodii","Bacteria;Proteobacteria;Gammaproteobacteria","UBA9448","SAMN08017886","PRJNA417962","GCA_003453115.1","Scaffold",3.92055,43.8,,"DMMJ01",559,3775,"2018-09-05T00:00:00Z","ftp://ftp.ncbi.nlm.nih.gov/genomes/all/GCA/003/453/115/GCA_003453115.1_ASM345311v1",
"Alteromonas sp.","Bacteria;Proteobacteria;Gammaproteobacteria","EAC615","SAMN07618342","PRJNA391943","GCA_002693575.1","Contig",2.28966,44.7,,"NZQK01",103,2001,"2017-10-24T00:00:00Z","ftp://ftp.ncbi.nlm.nih.gov/genomes/all/GCA/002/693/575/GCA_002693575.1_ASM269357v1",
"Alteromonas sp.","Bacteria;Proteobacteria;Gammaproteobacteria","IN32","SAMN07618343","PRJNA391943","GCA_002694225.1","Contig",3.93464,44.6,,"NZLP01",203,3341,"2017-10-24T00:00:00Z","ftp://ftp.ncbi.nlm.nih.gov/genomes/all/GCA/002/694/225/GCA_002694225.1_ASM269422v1",
"Alteromonas macleodii","Bacteria;Proteobacteria;Gammaproteobacteria","UBA8168","SAMN08018597","PRJNA417962","GCA_003489025.1","Scaffold",3.14371,43.4,,"DNJR01",466,2972,"2018-09-06T00:00:00Z","ftp://ftp.ncbi.nlm.nih.gov/genomes/all/GCA/003/489/025/GCA_003489025.1_ASM348902v1",
"Alteromonas macleodii","Bacteria;Proteobacteria;Gammaproteobacteria","UBA10071","SAMN08020419","PRJNA417962","GCA_003525145.1","Scaffold",3.63428,43.4,,"DQFK01",542,3537,"2018-09-10T00:00:00Z","ftp://ftp.ncbi.nlm.nih.gov/genomes/all/GCA/003/525/145/GCA_003525145.1_ASM352514v1",
"Alteromonas sp. Nap_26","Bacteria;Proteobacteria;Gammaproteobacteria","Nap_26","SAMN04458022","PRJNA301966","GCA_001566845.1","Contig",4.30829,43.1,,"LSMP01",263,3488,"2016-02-23T00:00:00Z","ftp://ftp.ncbi.nlm.nih.gov/genomes/all/GCA/001/566/845/GCA_001566845.1_ASM156684v1",
"Alteromonas sp.","Bacteria;Proteobacteria;Gammaproteobacteria","CPC291","SAMN07618337","PRJNA391943","GCA_002684735.1","Contig",2.46866,49.1,,"NYVW01",125,2213,"2017-10-24T00:00:00Z","ftp://ftp.ncbi.nlm.nih.gov/genomes/all/GCA/002/684/735/GCA_002684735.1_ASM268473v1",
"Alteromonas macleodii","Bacteria;Proteobacteria;Gammaproteobacteria","REDSEA-S14_B11","SAMN04534563","PRJNA289734","GCA_001626315.1","Scaffold",3.1136,44.6,,"LUNN01",543,0,"2016-04-22T00:00:00Z","ftp://ftp.ncbi.nlm.nih.gov/genomes/all/GCA/001/626/315/GCA_001626315.1_ASM162631v1",
"Alteromonas macleodii","Bacteria;Proteobacteria;Gammaproteobacteria","REDSEA-S12_B5","SAMN04534562","PRJNA289734","GCA_001626335.1","Scaffold",2.64033,44,,"LUNM01",514,0,"2016-04-22T00:00:00Z","ftp://ftp.ncbi.nlm.nih.gov/genomes/all/GCA/001/626/335/GCA_001626335.1_ASM162633v1",
"Alteromonas sp.","Bacteria;Proteobacteria;Gammaproteobacteria","NP46","SAMN07618348","PRJNA391943","GCA_002729375.1","Contig",2.59857,44.8,,"PBUC01",135,2218,"2017-10-26T00:00:00Z","ftp://ftp.ncbi.nlm.nih.gov/genomes/all/GCA/002/729/375/GCA_002729375.1_ASM272937v1",
"Alteromonas sp.","Bacteria;Proteobacteria;Gammaproteobacteria","NORP73","SAMN07568887","PRJNA391950","GCA_002733295.1","Contig",4.28616,43.6,,"NVVC01",260,3761,"2017-10-26T00:00:00Z","ftp://ftp.ncbi.nlm.nih.gov/genomes/all/GCA/002/733/295/GCA_002733295.1_ASM273329v1",
"Alteromonas macleodii","Bacteria;Proteobacteria;Gammaproteobacteria","UBA8706","SAMN08019135","PRJNA417962","GCA_003487705.1","Scaffold",3.32645,43.1,,"DNEW01",536,3370,"2018-09-06T00:00:00Z","ftp://ftp.ncbi.nlm.nih.gov/genomes/all/GCA/003/487/705/GCA_003487705.1_ASM348770v1",
"Alteromonas macleodii","Bacteria;Proteobacteria;Gammaproteobacteria","REDSEA-S10_B9","SAMN04534561","PRJNA289734","GCA_001626355.1","Scaffold",2.55069,44.6,,"LUNL01",490,0,"2016-04-22T00:00:00Z","ftp://ftp.ncbi.nlm.nih.gov/genomes/all/GCA/001/626/355/GCA_001626355.1_ASM162635v1",
"Alteromonas sp. UBA2493","Bacteria;Proteobacteria;Gammaproteobacteria","UBA2493","SAMN06451084","PRJNA348753","GCA_002341685.1","Scaffold",3.9023,44.5,,"DDON01",171,0,"2017-09-22T00:00:00Z","ftp://ftp.ncbi.nlm.nih.gov/genomes/all/GCA/002/341/685/GCA_002341685.1_ASM234168v1",
"Alteromonas sp.","Bacteria;Proteobacteria;Gammaproteobacteria","MED681","SAMN07618345","PRJNA391943","GCA_002690985.1","Contig",3.40457,43.6,,"NZGO01",210,2978,"2017-10-24T00:00:00Z","ftp://ftp.ncbi.nlm.nih.gov/genomes/all/GCA/002/690/985/GCA_002690985.1_ASM269098v1",
"Alteromonas macleodii","Bacteria;Proteobacteria;Gammaproteobacteria","UBA8100","SAMN08019009","PRJNA417962","GCA_003545575.1","Scaffold",3.22952,42.9,,"DODC01",508,3202,"2018-09-11T00:00:00Z","ftp://ftp.ncbi.nlm.nih.gov/genomes/all/GCA/003/545/575/GCA_003545575.1_ASM354557v1",
"Alteromonas macleodii","Bacteria;Proteobacteria;Gammaproteobacteria","UBA8080","SAMN08017562","PRJNA417962","GCA_003447095.1","Scaffold",3.14474,42.9,,"DMAE01",526,3128,"2018-09-04T00:00:00Z","ftp://ftp.ncbi.nlm.nih.gov/genomes/all/GCA/003/447/095/GCA_003447095.1_ASM344709v1",
"Alteromonas sp.","Bacteria;Proteobacteria;Gammaproteobacteria","CPC94","SAMN07618339","PRJNA391943","GCA_002683055.1","Contig",1.6893,44.8,,"NYSN01",117,1486,"2017-10-24T00:00:00Z","ftp://ftp.ncbi.nlm.nih.gov/genomes/all/GCA/002/683/055/GCA_002683055.1_ASM268305v1",
"Alteromonas sp.","Bacteria;Proteobacteria;Gammaproteobacteria","EAC51","SAMN07618341","PRJNA391943","GCA_002696065.1","Contig",2.29638,39.4,,"NZQW01",162,2229,"2017-10-24T00:00:00Z","ftp://ftp.ncbi.nlm.nih.gov/genomes/all/GCA/002/696/065/GCA_002696065.1_ASM269606v1",
"Alteromonas macleodii","Bacteria;Proteobacteria;Gammaproteobacteria","UBA9190","SAMN08018787","PRJNA417962","GCA_003507795.1","Scaffold",3.03397,42.5,,"DNUR01",546,3129,"2018-09-07T00:00:00Z","ftp://ftp.ncbi.nlm.nih.gov/genomes/all/GCA/003/507/795/GCA_003507795.1_ASM350779v1",
"Alteromonas macleodii","Bacteria;Proteobacteria;Gammaproteobacteria","UBA8971","SAMN08017982","PRJNA417962","GCA_003455815.1","Scaffold",2.98244,42.7,,"DMQB01",556,3047,"2018-09-05T00:00:00Z","ftp://ftp.ncbi.nlm.nih.gov/genomes/all/GCA/003/455/815/GCA_003455815.1_ASM345581v1",
"Alteromonas sp.","Bacteria;Proteobacteria;Gammaproteobacteria","RS411","SAMN07618321","PRJNA391943","GCA_002728805.1","Contig",2.99594,44.8,,"PBVX01",253,2650,"2017-10-26T00:00:00Z","ftp://ftp.ncbi.nlm.nih.gov/genomes/all/GCA/002/728/805/GCA_002728805.1_ASM272880v1",
"Alteromonas sp.","Bacteria;Proteobacteria;Gammaproteobacteria","MED-G140","SAMN10841220","PRJNA352798","GCA_004321705.1","Contig",2.93341,44.6,,"SGYM01",299,2643,"2019-02-19T00:00:00Z","ftp://ftp.ncbi.nlm.nih.gov/genomes/all/GCA/004/321/705/GCA_004321705.1_ASM432170v1",
"Alteromonas macleodii","Bacteria;Proteobacteria;Gammaproteobacteria","UBA8667","SAMN08019780","PRJNA417962","GCA_003521985.1","Scaffold",2.68822,43.1,,"DPGS01",525,2892,"2018-09-10T00:00:00Z","ftp://ftp.ncbi.nlm.nih.gov/genomes/all/GCA/003/521/985/GCA_003521985.1_ASM352198v1",
"Alteromonas sp.","Bacteria;Proteobacteria;Gammaproteobacteria","UBA9522","SAMN08019419","PRJNA417962","GCA_003513035.1","Scaffold",4.33395,48.2,,"DOSX01",573,4305,"2018-09-07T00:00:00Z","ftp://ftp.ncbi.nlm.nih.gov/genomes/all/GCA/003/513/035/GCA_003513035.1_ASM351303v1",
"Alteromonas sp.","Bacteria;Proteobacteria;Gammaproteobacteria","UBA12571","SAMN08019893","PRJNA417962","GCA_003542165.1","Scaffold",3.45752,48.9,,"DPLD01",452,3357,"2018-09-10T00:00:00Z","ftp://ftp.ncbi.nlm.nih.gov/genomes/all/GCA/003/542/165/GCA_003542165.1_ASM354216v1",
"Alteromonas sp.","Bacteria;Proteobacteria;Gammaproteobacteria","UBA12553","SAMN08019438","PRJNA417962","GCA_003518915.1","Scaffold",3.37788,48.3,,"DOXS01",487,3368,"2018-09-10T00:00:00Z","ftp://ftp.ncbi.nlm.nih.gov/genomes/all/GCA/003/518/915/GCA_003518915.1_ASM351891v1",
"Alteromonas sp.","Bacteria;Proteobacteria;Gammaproteobacteria","UBA11887","SAMN08020155","PRJNA417962","GCA_003484825.1","Scaffold",3.54939,48,,"DMZW01",519,3619,"2018-09-06T00:00:00Z","ftp://ftp.ncbi.nlm.nih.gov/genomes/all/GCA/003/484/825/GCA_003484825.1_ASM348482v1",
"Alteromonas sp.","Bacteria;Proteobacteria;Gammaproteobacteria","UBA11992","SAMN08019685","PRJNA417962","GCA_003519825.1","Scaffold",3.16726,48.1,,"DOVZ01",413,3151,"2018-09-10T00:00:00Z","ftp://ftp.ncbi.nlm.nih.gov/genomes/all/GCA/003/519/825/GCA_003519825.1_ASM351982v1",
"Alteromonas sp. ESRF-bin4","Bacteria;Proteobacteria;Gammaproteobacteria","ESRF-bin4","SAMN07255334","PRJNA329908","GCA_002632225.1","Contig",4.95675,43.7,,"NTLT01",1074,0,"2017-10-23T00:00:00Z","ftp://ftp.ncbi.nlm.nih.gov/genomes/all/GCA/002/632/225/GCA_002632225.1_ASM263222v1",
"Alteromonas sp.","Bacteria;Proteobacteria;Gammaproteobacteria","UBA11665","SAMN08020182","PRJNA417962","GCA_003535135.1","Scaffold",3.12485,48.3,,"DPWH01",441,3052,"2018-09-10T00:00:00Z","ftp://ftp.ncbi.nlm.nih.gov/genomes/all/GCA/003/535/135/GCA_003535135.1_ASM353513v1",
"Alteromonas sp.","Bacteria;Proteobacteria;Gammaproteobacteria","UBA8646","SAMN08019673","PRJNA417962","GCA_003520065.1","Scaffold",2.56377,48.5,,"DOVN01",435,2568,"2018-09-10T00:00:00Z","ftp://ftp.ncbi.nlm.nih.gov/genomes/all/GCA/003/520/065/GCA_003520065.1_ASM352006v1",
"Alteromonas macleodii ATCC 27126","Bacteria;Proteobacteria;Gammaproteobacteria","ATCC 27126","SAMN02603229","PRJNA29793","GCA_000172635.2","Complete",4.65385,44.7,"chromosome:NC_018632.1/CP003841.1",,1,3783,"2012-09-21T00:00:00Z","ftp://ftp.ncbi.nlm.nih.gov/genomes/all/GCA/000/172/635/GCA_000172635.2_ASM17263v2","ftp://ftp.ncbi.nlm.nih.gov/genomes/all/GCF/000/172/635/GCF_000172635.2_ASM17263v2"
"Alteromonas macleodii","Bacteria;Proteobacteria;Gammaproteobacteria","HOT1A3","SAMN03835502","PRJNA288688","GCA_001578515.1","Complete",4.80181,44.6256,"chromosome:NZ_CP012202.1/CP012202.1; plasmid pAM1A3:NZ_CP012203.1/CP012203.1",,2,3969,"2016-03-02T00:00:00Z","ftp://ftp.ncbi.nlm.nih.gov/genomes/all/GCA/001/578/515/GCA_001578515.1_ASM157851v1","ftp://ftp.ncbi.nlm.nih.gov/genomes/all/GCF/001/578/515/GCF_001578515.1_ASM157851v1"
"Alteromonas macleodii","Bacteria;Proteobacteria;Gammaproteobacteria","Te101","SAMN06093175","PRJNA355640","GCA_002849875.1","Complete",4.86739,44.5537,"chromosome:NZ_CP018321.1/CP018321.1; plasmid pTE101a:NZ_CP018322.1/CP018322.1",,2,4107,"2018-01-03T00:00:00Z","ftp://ftp.ncbi.nlm.nih.gov/genomes/all/GCA/002/849/875/GCA_002849875.1_ASM284987v1","ftp://ftp.ncbi.nlm.nih.gov/genomes/all/GCF/002/849/875/GCF_002849875.1_ASM284987v1"
"Alteromonas macleodii str. 'Balearic Sea AD45'","Bacteria;Proteobacteria;Gammaproteobacteria","Balearic Sea AD45","SAMN02604120","PRJNA65405","GCA_000300175.1","Complete",4.67488,44.6495,"chromosome:NC_018679.1/CP003873.1; plasmid pAMBAS45:NC_018680.1/CP003874.1",,2,3926,"2012-09-28T00:00:00Z","ftp://ftp.ncbi.nlm.nih.gov/genomes/all/GCA/000/300/175/GCA_000300175.1_ASM30017v1","ftp://ftp.ncbi.nlm.nih.gov/genomes/all/GCF/000/300/175/GCF_000300175.1_ASM30017v1"
